wrapperType	kind	artistId	collectionId	trackId	artistName	collectionName	trackName	collectionCensoredName	trackCensoredName	artistViewUrl	collectionViewUrl	trackViewUrl	previewUrl	artworkUrl30	artworkUrl60	artworkUrl100	collectionPrice	trackPrice	releaseDate	collectionExplicitness	trackExplicitness	discCount	discNumber	trackCount	trackNumber	trackTimeMillis	country	currency	primaryGenreName	isStreamable	contentAdvisoryRating	collectionArtistName
track	song	515935989	1555175756	1555175757	Pussy Riot & HOFMANNITA	Sexist - Single	Sexist	Sexist - Single	Sexist	https://music.apple.com/us/artist/pussy-riot/515935989?uo=4	https://music.apple.com/us/album/sexist/1555175756?i=1555175757&uo=4	https://music.apple.com/us/album/sexist/1555175756?i=1555175757&uo=4	https://audio-ssl.itunes.apple.com/itunes-assets/AudioPreview115/v4/c2/db/05/c2db055a-5c28-baea-253e-60c8872bbb6f/mzaf_4656582744830421884.plus.aac.p.m4a	https://is1-ssl.mzstatic.com/image/thumb/Music124/v4/6e/8f/de/6e8fde02-e507-84f3-7cfa-dabb42be91dc/195999702971.jpg/30x30bb.jpg	https://is1-ssl.mzstatic.com/image/thumb/Music124/v4/6e/8f/de/6e8fde02-e507-84f3-7cfa-dabb42be91dc/195999702971.jpg/60x60bb.jpg	https://is1-ssl.mzstatic.com/image/thumb/Music124/v4/6e/8f/de/6e8fde02-e507-84f3-7cfa-dabb42be91dc/195999702971.jpg/100x100bb.jpg	0.99	0.99	2021-03-04T12:00:00Z	notExplicit	notExplicit	1	1	1	1	153272	USA	USD	Electronic	True		
track	song	1212756868	1648164182	1648164194	Пошлая Молли & HOFMANNITA	#HABIBATI - Single	#HABIBATI	#HABIBATI - Single	#HABIBATI	https://music.apple.com/us/artist/%D0%BF%D0%BE%D1%88%D0%BB%D0%B0%D1%8F-%D0%BC%D0%BE%D0%BB%D0%BB%D0%B8/1212756868?uo=4	https://music.apple.com/us/album/habibati/1648164182?i=1648164194&uo=4	https://music.apple.com/us/album/habibati/1648164182?i=1648164194&uo=4	https://audio-ssl.itunes.apple.com/itunes-assets/AudioPreview122/v4/e2/27/ee/e227ee6c-d950-d724-7cf0-fdf5c4ec4e33/mzaf_1465469237345817903.plus.aac.p.m4a	https://is1-ssl.mzstatic.com/image/thumb/Music122/v4/a4/72/0a/a4720ab3-0994-7f5b-e728-8b0d0dc8a57f/cover.jpg/30x30bb.jpg	https://is1-ssl.mzstatic.com/image/thumb/Music122/v4/a4/72/0a/a4720ab3-0994-7f5b-e728-8b0d0dc8a57f/cover.jpg/60x60bb.jpg	https://is1-ssl.mzstatic.com/image/thumb/Music122/v4/a4/72/0a/a4720ab3-0994-7f5b-e728-8b0d0dc8a57f/cover.jpg/100x100bb.jpg	1.29	1.29	2022-10-07T12:00:00Z	explicit	explicit	1	1	1	1	153006	USA	USD	Pop	True	Explicit	
track	song	1453853357	1553325223	1553325237	MUKKA & HOFMANNITA	Пижама с динозаврами	Худи	Пижама с динозаврами	Худи	https://music.apple.com/us/artist/mukka/1453853357?uo=4	https://music.apple.com/us/album/%D1%85%D1%83%D0%B4%D0%B8/1553325223?i=1553325237&uo=4	https://music.apple.com/us/album/%D1%85%D1%83%D0%B4%D0%B8/1553325223?i=1553325237&uo=4	https://audio-ssl.itunes.apple.com/itunes-assets/AudioPreview116/v4/91/0f/c3/910fc375-0697-4060-9fa2-1452bb16f2e9/mzaf_82562655700344749.plus.aac.p.m4a	https://is1-ssl.mzstatic.com/image/thumb/Music124/v4/32/15/26/3215263e-9c28-e98a-2533-147dc3dd5212/cover.jpg/30x30bb.jpg	https://is1-ssl.mzstatic.com/image/thumb/Music124/v4/32/15/26/3215263e-9c28-e98a-2533-147dc3dd5212/cover.jpg/60x60bb.jpg	https://is1-ssl.mzstatic.com/image/thumb/Music124/v4/32/15/26/3215263e-9c28-e98a-2533-147dc3dd5212/cover.jpg/100x100bb.jpg	12.99	1.29	2021-02-25T12:00:00Z	explicit	explicit	1	1	14	3	215143	USA	USD	Rock	True	Explicit	MUKKA
track	song	1476459230	1479668461	1479668469	HOFMANNITA	Zombie La Le - Single	Zombie La Le	Zombie La Le - Single	Zombie La Le	https://music.apple.com/us/artist/hofmannita/1476459230?uo=4	https://music.apple.com/us/album/zombie-la-le/1479668461?i=1479668469&uo=4	https://music.apple.com/us/album/zombie-la-le/1479668461?i=1479668469&uo=4	https://audio-ssl.itunes.apple.com/itunes-assets/AudioPreview125/v4/97/3a/ec/973aec6c-27c3-e665-62d5-288d34b1cfb9/mzaf_4855833594198993130.plus.aac.p.m4a	https://is1-ssl.mzstatic.com/image/thumb/Music116/v4/41/88/19/41881984-f891-8bde-a9b0-948f6f3bc228/cover.jpg/30x30bb.jpg	https://is1-ssl.mzstatic.com/image/thumb/Music116/v4/41/88/19/41881984-f891-8bde-a9b0-948f6f3bc228/cover.jpg/60x60bb.jpg	https://is1-ssl.mzstatic.com/image/thumb/Music116/v4/41/88/19/41881984-f891-8bde-a9b0-948f6f3bc228/cover.jpg/100x100bb.jpg	1.29	1.29	2019-09-23T12:00:00Z	explicit	explicit	1	1	1	1	155030	USA	USD	Hip-Hop/Rap	True	Explicit	
track	song	1476459230	1728594750	1728595029	HOFMANNITA & ТРАВМА	Клуб на краю кладбища	Zombieland, Ч. 1	Клуб на краю кладбища	Zombieland, Ч. 1	https://music.apple.com/us/artist/hofmannita/1476459230?uo=4	https://music.apple.com/us/album/zombieland-%D1%87-1/1728594750?i=1728595029&uo=4	https://music.apple.com/us/album/zombieland-%D1%87-1/1728594750?i=1728595029&uo=4	https://audio-ssl.itunes.apple.com/itunes-assets/AudioPreview116/v4/8a/a1/b8/8aa1b807-badd-af07-4906-a37b8178d086/mzaf_2630102601799272213.plus.aac.p.m4a	https://is1-ssl.mzstatic.com/image/thumb/Music116/v4/ba/37/ca/ba37caf4-9842-ab33-8468-c85284c17b0c/cover.jpg/30x30bb.jpg	https://is1-ssl.mzstatic.com/image/thumb/Music116/v4/ba/37/ca/ba37caf4-9842-ab33-8468-c85284c17b0c/cover.jpg/60x60bb.jpg	https://is1-ssl.mzstatic.com/image/thumb/Music116/v4/ba/37/ca/ba37caf4-9842-ab33-8468-c85284c17b0c/cover.jpg/100x100bb.jpg	8.99	1.29	2019-08-14T12:00:00Z	explicit	explicit	1	1	7	2	159086	USA	USD	Hip-Hop/Rap	True	Explicit	HOFMANNITA
track	song	1476459230	1476459454	1476459459	HOFMANNITA & ТРАВМА	Zombieland - Single	Zombieland	Zombieland - Single	Zombieland	https://music.apple.com/us/artist/hofmannita/1476459230?uo=4	https://music.apple.com/us/album/zombieland/1476459454?i=1476459459&uo=4	https://music.apple.com/us/album/zombieland/1476459454?i=1476459459&uo=4	https://audio-ssl.itunes.apple.com/itunes-assets/AudioPreview116/v4/fb/31/ce/fb31ce18-f5f9-d376-bffd-6254fb646cd8/mzaf_18000452079161537619.plus.aac.p.m4a	https://is1-ssl.mzstatic.com/image/thumb/Music123/v4/e4/b8/81/e4b881a7-1eec-2de5-7135-044b45a7a0fb/cover.jpg/30x30bb.jpg	https://is1-ssl.mzstatic.com/image/thumb/Music123/v4/e4/b8/81/e4b881a7-1eec-2de5-7135-044b45a7a0fb/cover.jpg/60x60bb.jpg	https://is1-ssl.mzstatic.com/image/thumb/Music123/v4/e4/b8/81/e4b881a7-1eec-2de5-7135-044b45a7a0fb/cover.jpg/100x100bb.jpg	1.29	1.29	2019-08-14T12:00:00Z	explicit	explicit	1	1	1	1	159086	USA	USD	Hip-Hop/Rap	True	Explicit	
track	song	1476459230	1476847194	1476847360	HOFMANNITA	ДА Я ХОФМАННИТА - Single	ДА Я ХОФМАННИТА	ДА Я ХОФМАННИТА - Single	ДА Я ХОФМАННИТА	https://music.apple.com/us/artist/hofmannita/1476459230?uo=4	https://music.apple.com/us/album/%D0%B4%D0%B0-%D1%8F-%D1%85%D0%BE%D1%84%D0%BC%D0%B0%D0%BD%D0%BD%D0%B8%D1%82%D0%B0/1476847194?i=1476847360&uo=4	https://music.apple.com/us/album/%D0%B4%D0%B0-%D1%8F-%D1%85%D0%BE%D1%84%D0%BC%D0%B0%D0%BD%D0%BD%D0%B8%D1%82%D0%B0/1476847194?i=1476847360&uo=4	https://audio-ssl.itunes.apple.com/itunes-assets/AudioPreview126/v4/d0/7b/49/d07b491a-7d3a-9c3b-17e5-035f1ead5d93/mzaf_8263510200597222219.plus.aac.p.m4a	https://is1-ssl.mzstatic.com/image/thumb/Music123/v4/78/3d/c7/783dc7fc-0b0c-45ee-0137-bfc39da07a63/cover.jpg/30x30bb.jpg	https://is1-ssl.mzstatic.com/image/thumb/Music123/v4/78/3d/c7/783dc7fc-0b0c-45ee-0137-bfc39da07a63/cover.jpg/60x60bb.jpg	https://is1-ssl.mzstatic.com/image/thumb/Music123/v4/78/3d/c7/783dc7fc-0b0c-45ee-0137-bfc39da07a63/cover.jpg/100x100bb.jpg	1.29	1.29	2019-07-12T12:00:00Z	explicit	explicit	1	1	1	1	130116	USA	USD	Hip-Hop/Rap	True	Explicit	
track	song	1476459230	1498069192	1498069548	HOFMANNITA & KOUT	Проблема - Single	Проблема	Проблема - Single	Проблема	https://music.apple.com/us/artist/hofmannita/1476459230?uo=4	https://music.apple.com/us/album/%D0%BF%D1%80%D0%BE%D0%B1%D0%BB%D0%B5%D0%BC%D0%B0/1498069192?i=1498069548&uo=4	https://music.apple.com/us/album/%D0%BF%D1%80%D0%BE%D0%B1%D0%BB%D0%B5%D0%BC%D0%B0/1498069192?i=1498069548&uo=4	https://audio-ssl.itunes.apple.com/itunes-assets/AudioPreview126/v4/c5/50/ff/c550ffa2-41dc-3fee-6006-fb687aa416ab/mzaf_8867020044224286962.plus.aac.p.m4a	https://is1-ssl.mzstatic.com/image/thumb/Music113/v4/a7/08/19/a70819ee-4347-cfc7-3771-9a3524b5a79b/cover.jpg/30x30bb.jpg	https://is1-ssl.mzstatic.com/image/thumb/Music113/v4/a7/08/19/a70819ee-4347-cfc7-3771-9a3524b5a79b/cover.jpg/60x60bb.jpg	https://is1-ssl.mzstatic.com/image/thumb/Music113/v4/a7/08/19/a70819ee-4347-cfc7-3771-9a3524b5a79b/cover.jpg/100x100bb.jpg	1.29	1.29	2020-02-13T12:00:00Z	explicit	explicit	1	1	1	1	146208	USA	USD	Alternative Rap	True	Explicit	
track	song	1358254938	1700935651	1700935690	Катя Адушкина & HOFMANNITA	Целуй - Single	Целуй	Целуй - Single	Целуй	https://music.apple.com/us/artist/%D0%BA%D0%B0%D1%82%D1%8F-%D0%B0%D0%B4%D1%83%D1%88%D0%BA%D0%B8%D0%BD%D0%B0/1358254938?uo=4	https://music.apple.com/us/album/%D1%86%D0%B5%D0%BB%D1%83%D0%B9/1700935651?i=1700935690&uo=4	https://music.apple.com/us/album/%D1%86%D0%B5%D0%BB%D1%83%D0%B9/1700935651?i=1700935690&uo=4	https://audio-ssl.itunes.apple.com/itunes-assets/AudioPreview116/v4/89/65/a7/8965a7e9-fbdf-3a8e-1d8b-5481489bd3ea/mzaf_12515593022862543940.plus.aac.p.m4a	https://is1-ssl.mzstatic.com/image/thumb/Music116/v4/4c/5a/2b/4c5a2b7e-19c5-8945-ffb9-034cf2ebdbb7/cover.jpg/30x30bb.jpg	https://is1-ssl.mzstatic.com/image/thumb/Music116/v4/4c/5a/2b/4c5a2b7e-19c5-8945-ffb9-034cf2ebdbb7/cover.jpg/60x60bb.jpg	https://is1-ssl.mzstatic.com/image/thumb/Music116/v4/4c/5a/2b/4c5a2b7e-19c5-8945-ffb9-034cf2ebdbb7/cover.jpg/100x100bb.jpg	0.99	0.99	2023-08-18T12:00:00Z	notExplicit	notExplicit	1	1	1	1	119850	USA	USD	Pop	True		
track	song	1358254938	1703258791	1703258804	Катя Адушкина & HOFMANNITA	Целуй (Speed up) - Single	Целуй	Целуй (Speed up) - Single	Целуй	https://music.apple.com/us/artist/%D0%BA%D0%B0%D1%82%D1%8F-%D0%B0%D0%B4%D1%83%D1%88%D0%BA%D0%B8%D0%BD%D0%B0/1358254938?uo=4	https://music.apple.com/us/album/%D1%86%D0%B5%D0%BB%D1%83%D0%B9/1703258791?i=1703258804&uo=4	https://music.apple.com/us/album/%D1%86%D0%B5%D0%BB%D1%83%D0%B9/1703258791?i=1703258804&uo=4	https://audio-ssl.itunes.apple.com/itunes-assets/AudioPreview126/v4/cb/51/bb/cb51bb5c-e538-39e3-102b-15a96a872778/mzaf_9979334187698008567.plus.aac.p.m4a	https://is1-ssl.mzstatic.com/image/thumb/Music126/v4/ed/d8/a5/edd8a5e0-d1a0-6f8d-d910-e383d091caf8/cover.jpg/30x30bb.jpg	https://is1-ssl.mzstatic.com/image/thumb/Music126/v4/ed/d8/a5/edd8a5e0-d1a0-6f8d-d910-e383d091caf8/cover.jpg/60x60bb.jpg	https://is1-ssl.mzstatic.com/image/thumb/Music126/v4/ed/d8/a5/edd8a5e0-d1a0-6f8d-d910-e383d091caf8/cover.jpg/100x100bb.jpg	1.98	0.99	2023-08-18T12:00:00Z	notExplicit	notExplicit	1	1	2	2	119850	USA	USD	Pop	True		
track	song	1476459230	1607536902	1607536912	HOFMANNITA & ТРАВМА	В президенты - EP	Арлекино	В президенты - EP	Арлекино	https://music.apple.com/us/artist/hofmannita/1476459230?uo=4	https://music.apple.com/us/album/%D0%B0%D1%80%D0%BB%D0%B5%D0%BA%D0%B8%D0%BD%D0%BE/1607536902?i=1607536912&uo=4	https://music.apple.com/us/album/%D0%B0%D1%80%D0%BB%D0%B5%D0%BA%D0%B8%D0%BD%D0%BE/1607536902?i=1607536912&uo=4	https://audio-ssl.itunes.apple.com/itunes-assets/AudioPreview126/v4/3e/54/37/3e543779-38c6-8fbc-8e81-a8ba31c1be3f/mzaf_15345857912468965121.plus.aac.p.m4a	https://is1-ssl.mzstatic.com/image/thumb/Music126/v4/87/f9/91/87f991a2-ca95-1068-67a3-38ae0d7ac04a/cover.jpg/30x30bb.jpg	https://is1-ssl.mzstatic.com/image/thumb/Music126/v4/87/f9/91/87f991a2-ca95-1068-67a3-38ae0d7ac04a/cover.jpg/60x60bb.jpg	https://is1-ssl.mzstatic.com/image/thumb/Music126/v4/87/f9/91/87f991a2-ca95-1068-67a3-38ae0d7ac04a/cover.jpg/100x100bb.jpg	4.99	1.29	2020-05-29T12:00:00Z	explicit	explicit	1	1	4	3	120000	USA	USD	Hip-Hop/Rap	True	Explicit	
track	song	1476459230	1476459138	1476459143	HOFMANNITA	По кайфу - Single	По кайфу	По кайфу - Single	По кайфу	https://music.apple.com/us/artist/hofmannita/1476459230?uo=4	https://music.apple.com/us/album/%D0%BF%D0%BE-%D0%BA%D0%B0%D0%B9%D1%84%D1%83/1476459138?i=1476459143&uo=4	https://music.apple.com/us/album/%D0%BF%D0%BE-%D0%BA%D0%B0%D0%B9%D1%84%D1%83/1476459138?i=1476459143&uo=4	https://audio-ssl.itunes.apple.com/itunes-assets/AudioPreview126/v4/fe/0b/a5/fe0ba507-72dc-da1c-5359-8888f25dfa3b/mzaf_7192848991936476035.plus.aac.p.m4a	https://is1-ssl.mzstatic.com/image/thumb/Music113/v4/7a/4f/86/7a4f86ef-fba4-2985-1aa0-0a8e74b69aa6/cover.jpg/30x30bb.jpg	https://is1-ssl.mzstatic.com/image/thumb/Music113/v4/7a/4f/86/7a4f86ef-fba4-2985-1aa0-0a8e74b69aa6/cover.jpg/60x60bb.jpg	https://is1-ssl.mzstatic.com/image/thumb/Music113/v4/7a/4f/86/7a4f86ef-fba4-2985-1aa0-0a8e74b69aa6/cover.jpg/100x100bb.jpg	1.29	1.29	2019-06-28T12:00:00Z	explicit	explicit	1	1	1	1	147749	USA	USD	Hip-Hop/Rap	True	Explicit	
track	song	1476459230	1476459476	1476459479	HOFMANNITA	Missing - EP	Я хотела лишь сосать	Missing - EP	Я хотела лишь сосать	https://music.apple.com/us/artist/hofmannita/1476459230?uo=4	https://music.apple.com/us/album/%D1%8F-%D1%85%D0%BE%D1%82%D0%B5%D0%BB%D0%B0-%D0%BB%D0%B8%D1%88%D1%8C-%D1%81%D0%BE%D1%81%D0%B0%D1%82%D1%8C/1476459476?i=1476459479&uo=4	https://music.apple.com/us/album/%D1%8F-%D1%85%D0%BE%D1%82%D0%B5%D0%BB%D0%B0-%D0%BB%D0%B8%D1%88%D1%8C-%D1%81%D0%BE%D1%81%D0%B0%D1%82%D1%8C/1476459476?i=1476459479&uo=4	https://audio-ssl.itunes.apple.com/itunes-assets/AudioPreview126/v4/9a/b0/59/9ab0590d-9802-2de5-a0ce-995deb791eb2/mzaf_320414638952301631.plus.aac.p.m4a	https://is1-ssl.mzstatic.com/image/thumb/Music123/v4/0d/f3/e0/0df3e0ec-16df-bdcd-95e6-5303c7af47a4/cover.jpg/30x30bb.jpg	https://is1-ssl.mzstatic.com/image/thumb/Music123/v4/0d/f3/e0/0df3e0ec-16df-bdcd-95e6-5303c7af47a4/cover.jpg/60x60bb.jpg	https://is1-ssl.mzstatic.com/image/thumb/Music123/v4/0d/f3/e0/0df3e0ec-16df-bdcd-95e6-5303c7af47a4/cover.jpg/100x100bb.jpg	3.99	1.29	2019-08-14T12:00:00Z	explicit	explicit	1	1	4	1	174133	USA	USD	Hip-Hop/Rap	True	Explicit	
track	song	1682033160	1720204614	1720204633	BAPEZAYKA & HOFMANNITA	НЕ ЛЮБЛЮ - Single	НЕ ЛЮБЛЮ	НЕ ЛЮБЛЮ - Single	НЕ ЛЮБЛЮ	https://music.apple.com/us/artist/bapezayka/1682033160?uo=4	https://music.apple.com/us/album/%D0%BD%D0%B5-%D0%BB%D1%8E%D0%B1%D0%BB%D1%8E/1720204614?i=1720204633&uo=4	https://music.apple.com/us/album/%D0%BD%D0%B5-%D0%BB%D1%8E%D0%B1%D0%BB%D1%8E/1720204614?i=1720204633&uo=4	https://audio-ssl.itunes.apple.com/itunes-assets/AudioPreview126/v4/8d/a1/7d/8da17dcf-86ea-6133-b019-a0079b496ec9/mzaf_18425653778364861493.plus.aac.p.m4a	https://is1-ssl.mzstatic.com/image/thumb/Music126/v4/9e/fd/bf/9efdbfdb-f219-4e3e-97c6-eef335f0ab00/cover.jpg/30x30bb.jpg	https://is1-ssl.mzstatic.com/image/thumb/Music126/v4/9e/fd/bf/9efdbfdb-f219-4e3e-97c6-eef335f0ab00/cover.jpg/60x60bb.jpg	https://is1-ssl.mzstatic.com/image/thumb/Music126/v4/9e/fd/bf/9efdbfdb-f219-4e3e-97c6-eef335f0ab00/cover.jpg/100x100bb.jpg	1.29	1.29	2023-12-22T12:00:00Z	notExplicit	notExplicit	1	1	1	1	144361	USA	USD	Hip-Hop/Rap	True		
track	song	1476459230	1607536902	1607536905	HOFMANNITA & ТРАВМА	В президенты - EP	В президенты	В президенты - EP	В президенты	https://music.apple.com/us/artist/hofmannita/1476459230?uo=4	https://music.apple.com/us/album/%D0%B2-%D0%BF%D1%80%D0%B5%D0%B7%D0%B8%D0%B4%D0%B5%D0%BD%D1%82%D1%8B/1607536902?i=1607536905&uo=4	https://music.apple.com/us/album/%D0%B2-%D0%BF%D1%80%D0%B5%D0%B7%D0%B8%D0%B4%D0%B5%D0%BD%D1%82%D1%8B/1607536902?i=1607536905&uo=4	https://audio-ssl.itunes.apple.com/itunes-assets/AudioPreview126/v4/ae/75/5e/ae755eaa-24f9-f902-e572-c65951613e1f/mzaf_9259665250553075581.plus.aac.p.m4a	https://is1-ssl.mzstatic.com/image/thumb/Music126/v4/87/f9/91/87f991a2-ca95-1068-67a3-38ae0d7ac04a/cover.jpg/30x30bb.jpg	https://is1-ssl.mzstatic.com/image/thumb/Music126/v4/87/f9/91/87f991a2-ca95-1068-67a3-38ae0d7ac04a/cover.jpg/60x60bb.jpg	https://is1-ssl.mzstatic.com/image/thumb/Music126/v4/87/f9/91/87f991a2-ca95-1068-67a3-38ae0d7ac04a/cover.jpg/100x100bb.jpg	4.99	1.29	2020-05-29T12:00:00Z	explicit	explicit	1	1	4	1	153600	USA	USD	Hip-Hop/Rap	True	Explicit	
track	song	1476459230	1607536902	1607536918	HOFMANNITA & ТРАВМА	В президенты - EP	Рядом со мной	В президенты - EP	Рядом со мной	https://music.apple.com/us/artist/hofmannita/1476459230?uo=4	https://music.apple.com/us/album/%D1%80%D1%8F%D0%B4%D0%BE%D0%BC-%D1%81%D0%BE-%D0%BC%D0%BD%D0%BE%D0%B9/1607536902?i=1607536918&uo=4	https://music.apple.com/us/album/%D1%80%D1%8F%D0%B4%D0%BE%D0%BC-%D1%81%D0%BE-%D0%BC%D0%BD%D0%BE%D0%B9/1607536902?i=1607536918&uo=4	https://audio-ssl.itunes.apple.com/itunes-assets/AudioPreview126/v4/3c/56/29/3c562946-5aa1-236a-4693-69401c91e0ce/mzaf_14050285458028874698.plus.aac.p.m4a	https://is1-ssl.mzstatic.com/image/thumb/Music126/v4/87/f9/91/87f991a2-ca95-1068-67a3-38ae0d7ac04a/cover.jpg/30x30bb.jpg	https://is1-ssl.mzstatic.com/image/thumb/Music126/v4/87/f9/91/87f991a2-ca95-1068-67a3-38ae0d7ac04a/cover.jpg/60x60bb.jpg	https://is1-ssl.mzstatic.com/image/thumb/Music126/v4/87/f9/91/87f991a2-ca95-1068-67a3-38ae0d7ac04a/cover.jpg/100x100bb.jpg	4.99	1.29	2020-05-29T12:00:00Z	explicit	notExplicit	1	1	4	4	174207	USA	USD	Hip-Hop/Rap	True		
track	song	1476459230	1476459319	1476459324	HOFMANNITA	Хочу это, хочу то - Single	Хочу это, хочу то	Хочу это, хочу то - Single	Хочу это, хочу то	https://music.apple.com/us/artist/hofmannita/1476459230?uo=4	https://music.apple.com/us/album/%D1%85%D0%BE%D1%87%D1%83-%D1%8D%D1%82%D0%BE-%D1%85%D0%BE%D1%87%D1%83-%D1%82%D0%BE/1476459319?i=1476459324&uo=4	https://music.apple.com/us/album/%D1%85%D0%BE%D1%87%D1%83-%D1%8D%D1%82%D0%BE-%D1%85%D0%BE%D1%87%D1%83-%D1%82%D0%BE/1476459319?i=1476459324&uo=4	https://audio-ssl.itunes.apple.com/itunes-assets/AudioPreview125/v4/ff/98/93/ff98932c-22b3-200c-2274-c002770dfe13/mzaf_6778925886101642236.plus.aac.p.m4a	https://is1-ssl.mzstatic.com/image/thumb/Music123/v4/d1/67/f5/d167f555-4239-3b3e-bcc6-eae548ff72c5/cover.jpg/30x30bb.jpg	https://is1-ssl.mzstatic.com/image/thumb/Music123/v4/d1/67/f5/d167f555-4239-3b3e-bcc6-eae548ff72c5/cover.jpg/60x60bb.jpg	https://is1-ssl.mzstatic.com/image/thumb/Music123/v4/d1/67/f5/d167f555-4239-3b3e-bcc6-eae548ff72c5/cover.jpg/100x100bb.jpg	1.29	1.29	2019-08-14T12:00:00Z	explicit	explicit	1	1	1	1	121731	USA	USD	Hip-Hop/Rap	True	Explicit	
track	song	1506177316	1643938785	1643939111	MATEY, COLDAH & HOFMANNITA	Made in Kuznetsky	Nah	Made in Kuznetsky	Nah	https://music.apple.com/us/artist/matey/1506177316?uo=4	https://music.apple.com/us/album/nah/1643938785?i=1643939111&uo=4	https://music.apple.com/us/album/nah/1643938785?i=1643939111&uo=4	https://audio-ssl.itunes.apple.com/itunes-assets/AudioPreview122/v4/88/97/cc/8897ccdf-abf4-b63d-9965-c628916c749c/mzaf_6897806973650738645.plus.aac.p.m4a	https://is1-ssl.mzstatic.com/image/thumb/Music122/v4/b7/1a/af/b71aafdd-14d8-20da-6714-35c05d0a9e1e/cover.jpg/30x30bb.jpg	https://is1-ssl.mzstatic.com/image/thumb/Music122/v4/b7/1a/af/b71aafdd-14d8-20da-6714-35c05d0a9e1e/cover.jpg/60x60bb.jpg	https://is1-ssl.mzstatic.com/image/thumb/Music122/v4/b7/1a/af/b71aafdd-14d8-20da-6714-35c05d0a9e1e/cover.jpg/100x100bb.jpg	8.99	0.99	2022-09-23T12:00:00Z	explicit	explicit	1	1	15	2	155122	USA	USD	Hip-Hop/Rap	True	Explicit	MATEY
track	song	1476459230	1476459476	1476459486	HOFMANNITA	Missing - EP	Такси	Missing - EP	Такси	https://music.apple.com/us/artist/hofmannita/1476459230?uo=4	https://music.apple.com/us/album/%D1%82%D0%B0%D0%BA%D1%81%D0%B8/1476459476?i=1476459486&uo=4	https://music.apple.com/us/album/%D1%82%D0%B0%D0%BA%D1%81%D0%B8/1476459476?i=1476459486&uo=4	https://audio-ssl.itunes.apple.com/itunes-assets/AudioPreview116/v4/7e/03/17/7e0317ee-9344-5bb9-3009-ca91077bd0c7/mzaf_8684519131377625628.plus.aac.p.m4a	https://is1-ssl.mzstatic.com/image/thumb/Music123/v4/0d/f3/e0/0df3e0ec-16df-bdcd-95e6-5303c7af47a4/cover.jpg/30x30bb.jpg	https://is1-ssl.mzstatic.com/image/thumb/Music123/v4/0d/f3/e0/0df3e0ec-16df-bdcd-95e6-5303c7af47a4/cover.jpg/60x60bb.jpg	https://is1-ssl.mzstatic.com/image/thumb/Music123/v4/0d/f3/e0/0df3e0ec-16df-bdcd-95e6-5303c7af47a4/cover.jpg/100x100bb.jpg	3.99	1.29	2019-08-14T12:00:00Z	explicit	explicit	1	1	4	3	160052	USA	USD	Hip-Hop/Rap	True	Explicit	
track	song	1529981354	1530011885	1530012159	PLATIT & HOFMANNITA	Бой плачет - Single	Бой плачет	Бой плачет - Single	Бой плачет	https://music.apple.com/us/artist/platit/1529981354?uo=4	https://music.apple.com/us/album/%D0%B1%D0%BE%D0%B9-%D0%BF%D0%BB%D0%B0%D1%87%D0%B5%D1%82/1530011885?i=1530012159&uo=4	https://music.apple.com/us/album/%D0%B1%D0%BE%D0%B9-%D0%BF%D0%BB%D0%B0%D1%87%D0%B5%D1%82/1530011885?i=1530012159&uo=4	https://audio-ssl.itunes.apple.com/itunes-assets/AudioPreview125/v4/35/6a/fb/356afb4f-0bc2-b570-c458-6d29a8d1f689/mzaf_2645924921468757816.plus.aac.p.m4a	https://is1-ssl.mzstatic.com/image/thumb/Music114/v4/c7/e3/d2/c7e3d2d9-fa76-228d-cc03-c3e02c92e9a6/cover.jpg/30x30bb.jpg	https://is1-ssl.mzstatic.com/image/thumb/Music114/v4/c7/e3/d2/c7e3d2d9-fa76-228d-cc03-c3e02c92e9a6/cover.jpg/60x60bb.jpg	https://is1-ssl.mzstatic.com/image/thumb/Music114/v4/c7/e3/d2/c7e3d2d9-fa76-228d-cc03-c3e02c92e9a6/cover.jpg/100x100bb.jpg	1.29	1.29	2020-08-27T12:00:00Z	explicit	explicit	1	1	1	1	136480	USA	USD	Hip-Hop/Rap	True	Explicit	
track	song	1476459230	1717645793	1717645797	HOFMANNITA	Сладкая Кровь	R.I.P.	Сладкая Кровь	R.I.P.	https://music.apple.com/us/artist/hofmannita/1476459230?uo=4	https://music.apple.com/us/album/r-i-p/1717645793?i=1717645797&uo=4	https://music.apple.com/us/album/r-i-p/1717645793?i=1717645797&uo=4	https://audio-ssl.itunes.apple.com/itunes-assets/AudioPreview116/v4/81/7e/84/817e8447-5814-8c30-982b-ef25cafd448c/mzaf_7310562264594226828.plus.aac.p.m4a	https://is1-ssl.mzstatic.com/image/thumb/Music116/v4/a2/2d/4e/a22d4e61-92a6-051f-c469-dc4ea3a7d98a/cover.jpg/30x30bb.jpg	https://is1-ssl.mzstatic.com/image/thumb/Music116/v4/a2/2d/4e/a22d4e61-92a6-051f-c469-dc4ea3a7d98a/cover.jpg/60x60bb.jpg	https://is1-ssl.mzstatic.com/image/thumb/Music116/v4/a2/2d/4e/a22d4e61-92a6-051f-c469-dc4ea3a7d98a/cover.jpg/100x100bb.jpg	10.99	1.29	2023-12-01T12:00:00Z	explicit	notExplicit	1	1	10	4	120839	USA	USD	Alternative	True		
track	song	1476459230	1607536902	1607536909	HOFMANNITA & ТРАВМА	В президенты - EP	Невидима	В президенты - EP	Невидима	https://music.apple.com/us/artist/hofmannita/1476459230?uo=4	https://music.apple.com/us/album/%D0%BD%D0%B5%D0%B2%D0%B8%D0%B4%D0%B8%D0%BC%D0%B0/1607536902?i=1607536909&uo=4	https://music.apple.com/us/album/%D0%BD%D0%B5%D0%B2%D0%B8%D0%B4%D0%B8%D0%BC%D0%B0/1607536902?i=1607536909&uo=4	https://audio-ssl.itunes.apple.com/itunes-assets/AudioPreview126/v4/6b/27/17/6b27179f-a740-75ea-967f-f63deafe1707/mzaf_5024492958937113484.plus.aac.p.m4a	https://is1-ssl.mzstatic.com/image/thumb/Music126/v4/87/f9/91/87f991a2-ca95-1068-67a3-38ae0d7ac04a/cover.jpg/30x30bb.jpg	https://is1-ssl.mzstatic.com/image/thumb/Music126/v4/87/f9/91/87f991a2-ca95-1068-67a3-38ae0d7ac04a/cover.jpg/60x60bb.jpg	https://is1-ssl.mzstatic.com/image/thumb/Music126/v4/87/f9/91/87f991a2-ca95-1068-67a3-38ae0d7ac04a/cover.jpg/100x100bb.jpg	4.99	1.29	2020-05-29T12:00:00Z	explicit	explicit	1	1	4	2	135000	USA	USD	Hip-Hop/Rap	True	Explicit	
track	song	1476459230	1476459476	1476459484	HOFMANNITA	Missing - EP	Любимый, ты спишь?	Missing - EP	Любимый, ты спишь?	https://music.apple.com/us/artist/hofmannita/1476459230?uo=4	https://music.apple.com/us/album/%D0%BB%D1%8E%D0%B1%D0%B8%D0%BC%D1%8B%D0%B9-%D1%82%D1%8B-%D1%81%D0%BF%D0%B8%D1%88%D1%8C/1476459476?i=1476459484&uo=4	https://music.apple.com/us/album/%D0%BB%D1%8E%D0%B1%D0%B8%D0%BC%D1%8B%D0%B9-%D1%82%D1%8B-%D1%81%D0%BF%D0%B8%D1%88%D1%8C/1476459476?i=1476459484&uo=4	https://audio-ssl.itunes.apple.com/itunes-assets/AudioPreview126/v4/1c/4e/49/1c4e49e3-d064-c4dc-66f3-7b668385db69/mzaf_452271083648182548.plus.aac.p.m4a	https://is1-ssl.mzstatic.com/image/thumb/Music123/v4/0d/f3/e0/0df3e0ec-16df-bdcd-95e6-5303c7af47a4/cover.jpg/30x30bb.jpg	https://is1-ssl.mzstatic.com/image/thumb/Music123/v4/0d/f3/e0/0df3e0ec-16df-bdcd-95e6-5303c7af47a4/cover.jpg/60x60bb.jpg	https://is1-ssl.mzstatic.com/image/thumb/Music123/v4/0d/f3/e0/0df3e0ec-16df-bdcd-95e6-5303c7af47a4/cover.jpg/100x100bb.jpg	3.99	1.29	2019-08-14T12:00:00Z	explicit	explicit	1	1	4	2	192000	USA	USD	Hip-Hop/Rap	True	Explicit	
track	song	1476459230	1527398745	1527398749	HOFMANNITA	Знаешь Кис - Single	Знаешь Кис	Знаешь Кис - Single	Знаешь Кис	https://music.apple.com/us/artist/hofmannita/1476459230?uo=4	https://music.apple.com/us/album/%D0%B7%D0%BD%D0%B0%D0%B5%D1%88%D1%8C-%D0%BA%D0%B8%D1%81/1527398745?i=1527398749&uo=4	https://music.apple.com/us/album/%D0%B7%D0%BD%D0%B0%D0%B5%D1%88%D1%8C-%D0%BA%D0%B8%D1%81/1527398745?i=1527398749&uo=4	https://audio-ssl.itunes.apple.com/itunes-assets/AudioPreview126/v4/4c/04/e6/4c04e6ee-5052-aa34-468a-751b1054d65d/mzaf_15468782682815271851.plus.aac.p.m4a	https://is1-ssl.mzstatic.com/image/thumb/Music124/v4/70/36/23/7036232c-a520-0a89-f9e9-9199b87b49b5/cover.jpg/30x30bb.jpg	https://is1-ssl.mzstatic.com/image/thumb/Music124/v4/70/36/23/7036232c-a520-0a89-f9e9-9199b87b49b5/cover.jpg/60x60bb.jpg	https://is1-ssl.mzstatic.com/image/thumb/Music124/v4/70/36/23/7036232c-a520-0a89-f9e9-9199b87b49b5/cover.jpg/100x100bb.jpg	1.29	1.29	2020-08-20T12:00:00Z	explicit	explicit	1	1	1	1	104000	USA	USD	Hip-Hop/Rap	True	Explicit	
track	song	1469582898	1573253435	1573253857	Бахус & HOFMANNITA	Вдова Клико - Single	Вдова Клико	Вдова Клико - Single	Вдова Клико	https://music.apple.com/us/artist/%D0%B1%D0%B0%D1%85%D1%83%D1%81/1469582898?uo=4	https://music.apple.com/us/album/%D0%B2%D0%B4%D0%BE%D0%B2%D0%B0-%D0%BA%D0%BB%D0%B8%D0%BA%D0%BE/1573253435?i=1573253857&uo=4	https://music.apple.com/us/album/%D0%B2%D0%B4%D0%BE%D0%B2%D0%B0-%D0%BA%D0%BB%D0%B8%D0%BA%D0%BE/1573253435?i=1573253857&uo=4	https://audio-ssl.itunes.apple.com/itunes-assets/AudioPreview115/v4/f9/e5/d5/f9e5d510-8c29-28a9-d8c3-c660e3366151/mzaf_396128331949449393.plus.aac.p.m4a	https://is1-ssl.mzstatic.com/image/thumb/Music115/v4/55/b2/c8/55b2c866-1bf5-7544-5046-45eeecf54504/cover.jpg/30x30bb.jpg	https://is1-ssl.mzstatic.com/image/thumb/Music115/v4/55/b2/c8/55b2c866-1bf5-7544-5046-45eeecf54504/cover.jpg/60x60bb.jpg	https://is1-ssl.mzstatic.com/image/thumb/Music115/v4/55/b2/c8/55b2c866-1bf5-7544-5046-45eeecf54504/cover.jpg/100x100bb.jpg	1.29	1.29	2021-06-28T12:00:00Z	notExplicit	notExplicit	1	1	1	1	119968	USA	USD	Pop	True		
track	song	1476459230	1728594750	1728595457	HOFMANNITA & ТРАВМА	Клуб на краю кладбища	Zombieland, Ч. 2	Клуб на краю кладбища	Zombieland, Ч. 2	https://music.apple.com/us/artist/hofmannita/1476459230?uo=4	https://music.apple.com/us/album/zombieland-%D1%87-2/1728594750?i=1728595457&uo=4	https://music.apple.com/us/album/zombieland-%D1%87-2/1728594750?i=1728595457&uo=4	https://audio-ssl.itunes.apple.com/itunes-assets/AudioPreview116/v4/1f/71/97/1f719767-77e6-589b-ec2f-677bb2b905f7/mzaf_15937426891304250950.plus.aac.p.m4a	https://is1-ssl.mzstatic.com/image/thumb/Music116/v4/ba/37/ca/ba37caf4-9842-ab33-8468-c85284c17b0c/cover.jpg/30x30bb.jpg	https://is1-ssl.mzstatic.com/image/thumb/Music116/v4/ba/37/ca/ba37caf4-9842-ab33-8468-c85284c17b0c/cover.jpg/60x60bb.jpg	https://is1-ssl.mzstatic.com/image/thumb/Music116/v4/ba/37/ca/ba37caf4-9842-ab33-8468-c85284c17b0c/cover.jpg/100x100bb.jpg	8.99	1.29	2019-12-13T12:00:00Z	explicit	explicit	1	1	7	4	150857	USA	USD	Hip-Hop/Rap	True	Explicit	HOFMANNITA
track	song	1476459230	1476459476	1476459489	HOFMANNITA	Missing - EP	Щеночек	Missing - EP	Щеночек	https://music.apple.com/us/artist/hofmannita/1476459230?uo=4	https://music.apple.com/us/album/%D1%89%D0%B5%D0%BD%D0%BE%D1%87%D0%B5%D0%BA/1476459476?i=1476459489&uo=4	https://music.apple.com/us/album/%D1%89%D0%B5%D0%BD%D0%BE%D1%87%D0%B5%D0%BA/1476459476?i=1476459489&uo=4	https://audio-ssl.itunes.apple.com/itunes-assets/AudioPreview126/v4/db/51/e1/db51e133-96d2-36fc-018e-6715bde92d79/mzaf_14327454423707134395.plus.aac.p.m4a	https://is1-ssl.mzstatic.com/image/thumb/Music123/v4/0d/f3/e0/0df3e0ec-16df-bdcd-95e6-5303c7af47a4/cover.jpg/30x30bb.jpg	https://is1-ssl.mzstatic.com/image/thumb/Music123/v4/0d/f3/e0/0df3e0ec-16df-bdcd-95e6-5303c7af47a4/cover.jpg/60x60bb.jpg	https://is1-ssl.mzstatic.com/image/thumb/Music123/v4/0d/f3/e0/0df3e0ec-16df-bdcd-95e6-5303c7af47a4/cover.jpg/100x100bb.jpg	3.99	1.29	2019-08-14T12:00:00Z	explicit	explicit	1	1	4	4	158145	USA	USD	Hip-Hop/Rap	True	Explicit	
track	song	1476459230	1484620033	1484620042	HOFMANNITA	Ким Чен Ын фристайл (Кэйпоп дисс) - Single	Ким Чен Ын фристайл (Кэйпоп дисс)	Ким Чен Ын фристайл (Кэйпоп дисс) - Single	Ким Чен Ын фристайл (Кэйпоп дисс)	https://music.apple.com/us/artist/hofmannita/1476459230?uo=4	https://music.apple.com/us/album/%D0%BA%D0%B8%D0%BC-%D1%87%D0%B5%D0%BD-%D1%8B%D0%BD-%D1%84%D1%80%D0%B8%D1%81%D1%82%D0%B0%D0%B9%D0%BB-%D0%BA%D1%8D%D0%B9%D0%BF%D0%BE%D0%BF-%D0%B4%D0%B8%D1%81%D1%81/1484620033?i=1484620042&uo=4	https://music.apple.com/us/album/%D0%BA%D0%B8%D0%BC-%D1%87%D0%B5%D0%BD-%D1%8B%D0%BD-%D1%84%D1%80%D0%B8%D1%81%D1%82%D0%B0%D0%B9%D0%BB-%D0%BA%D1%8D%D0%B9%D0%BF%D0%BE%D0%BF-%D0%B4%D0%B8%D1%81%D1%81/1484620033?i=1484620042&uo=4	https://audio-ssl.itunes.apple.com/itunes-assets/AudioPreview126/v4/a9/c7/be/a9c7bef1-c77a-c344-bfeb-24e6c16d7c18/mzaf_5224732193770467958.plus.aac.p.m4a	https://is1-ssl.mzstatic.com/image/thumb/Music123/v4/8c/79/9b/8c799b39-d74c-2636-a7f7-c74aecadf9d3/cover.jpg/30x30bb.jpg	https://is1-ssl.mzstatic.com/image/thumb/Music123/v4/8c/79/9b/8c799b39-d74c-2636-a7f7-c74aecadf9d3/cover.jpg/60x60bb.jpg	https://is1-ssl.mzstatic.com/image/thumb/Music123/v4/8c/79/9b/8c799b39-d74c-2636-a7f7-c74aecadf9d3/cover.jpg/100x100bb.jpg	1.29	1.29	2019-10-24T12:00:00Z	notExplicit	notExplicit	1	1	1	1	102048	USA	USD	Hip-Hop/Rap	True		
track	song	1476459230	1476459521	1476459530	HOFMANNITA	Ugly Doll - Single	Сельский рейв	Ugly Doll - Single	Сельский рейв	https://music.apple.com/us/artist/hofmannita/1476459230?uo=4	https://music.apple.com/us/album/%D1%81%D0%B5%D0%BB%D1%8C%D1%81%D0%BA%D0%B8%D0%B9-%D1%80%D0%B5%D0%B9%D0%B2/1476459521?i=1476459530&uo=4	https://music.apple.com/us/album/%D1%81%D0%B5%D0%BB%D1%8C%D1%81%D0%BA%D0%B8%D0%B9-%D1%80%D0%B5%D0%B9%D0%B2/1476459521?i=1476459530&uo=4	https://audio-ssl.itunes.apple.com/itunes-assets/AudioPreview126/v4/b9/97/29/b9972950-c644-1cc3-54e0-4832293ff7f2/mzaf_6483857851627380107.plus.aac.p.m4a	https://is1-ssl.mzstatic.com/image/thumb/Music123/v4/90/ee/cb/90eecb54-c6ec-a80e-5962-7f0712015ff7/cover.jpg/30x30bb.jpg	https://is1-ssl.mzstatic.com/image/thumb/Music123/v4/90/ee/cb/90eecb54-c6ec-a80e-5962-7f0712015ff7/cover.jpg/60x60bb.jpg	https://is1-ssl.mzstatic.com/image/thumb/Music123/v4/90/ee/cb/90eecb54-c6ec-a80e-5962-7f0712015ff7/cover.jpg/100x100bb.jpg	2.99	1.29	2019-07-10T12:00:00Z	explicit	explicit	1	1	3	2	140852	USA	USD	Hip-Hop/Rap	True	Explicit	
track	song	1476459230	1660757357	1660757370	HOFMANNITA	ZOMBIE SEASON SOON - Single	Прощай	ZOMBIE SEASON SOON - Single	Прощай	https://music.apple.com/us/artist/hofmannita/1476459230?uo=4	https://music.apple.com/us/album/%D0%BF%D1%80%D0%BE%D1%89%D0%B0%D0%B9/1660757357?i=1660757370&uo=4	https://music.apple.com/us/album/%D0%BF%D1%80%D0%BE%D1%89%D0%B0%D0%B9/1660757357?i=1660757370&uo=4	https://audio-ssl.itunes.apple.com/itunes-assets/AudioPreview112/v4/99/06/de/9906de90-1422-3e7e-decd-8ed3365e1602/mzaf_2314286359942208461.plus.aac.p.m4a	https://is1-ssl.mzstatic.com/image/thumb/Music122/v4/27/8d/c5/278dc571-bbad-b459-3051-d3017a08999a/cover.jpg/30x30bb.jpg	https://is1-ssl.mzstatic.com/image/thumb/Music122/v4/27/8d/c5/278dc571-bbad-b459-3051-d3017a08999a/cover.jpg/60x60bb.jpg	https://is1-ssl.mzstatic.com/image/thumb/Music122/v4/27/8d/c5/278dc571-bbad-b459-3051-d3017a08999a/cover.jpg/100x100bb.jpg	2.99	1.29	2022-12-30T12:00:00Z	explicit	explicit	1	1	3	2	115200	USA	USD	R&B/Soul	True	Explicit	
